﻿<?xml version="1.0" encoding="utf-8"?>
<ImportExportXml version="9.2.22094.198" SolutionPackageVersion="9.2" languagecode="1033" generatedBy="CrmLive" xmlns:xsi="http://www.w3.org/2001/XMLSchema-instance">
  <SolutionManifest>
    <UniqueName>AutomationCoESatellite</UniqueName>
    <LocalizedNames>
      <LocalizedName description="Automation CoE Satellite" languagecode="1033" />
    </LocalizedNames>
    <Descriptions>
      <Description description="This solution is intended to be installed in all satellite PROD environments from which you want to synchronize data into the Automation CoE Main environment." languagecode="1033" />
    </Descriptions>
    <Version>1.0.20221102.1</Version>
    <Managed>1</Managed>
    <Publisher>
      <UniqueName>AutomationCoE</UniqueName>
      <LocalizedNames>
        <LocalizedName description="Automation CoE" languagecode="1033" />
      </LocalizedNames>
      <Descriptions>
        <Description description="Automation CoE Publisher" languagecode="1033" />
      </Descriptions>
      <EMailAddress xsi:nil="true"></EMailAddress>
      <SupportingWebsiteUrl xsi:nil="true"></SupportingWebsiteUrl>
      <CustomizationPrefix>autocoe</CustomizationPrefix>
      <CustomizationOptionValuePrefix>41114</CustomizationOptionValuePrefix>
      <Addresses>
        <Address>
          <AddressNumber>1</AddressNumber>
          <AddressTypeCode>1</AddressTypeCode>
          <City xsi:nil="true"></City>
          <County xsi:nil="true"></County>
          <Country xsi:nil="true"></Country>
          <Fax xsi:nil="true"></Fax>
          <FreightTermsCode xsi:nil="true"></FreightTermsCode>
          <ImportSequenceNumber xsi:nil="true"></ImportSequenceNumber>
          <Latitude xsi:nil="true"></Latitude>
          <Line1 xsi:nil="true"></Line1>
          <Line2 xsi:nil="true"></Line2>
          <Line3 xsi:nil="true"></Line3>
          <Longitude xsi:nil="true"></Longitude>
          <Name xsi:nil="true"></Name>
          <PostalCode xsi:nil="true"></PostalCode>
          <PostOfficeBox xsi:nil="true"></PostOfficeBox>
          <PrimaryContactName xsi:nil="true"></PrimaryContactName>
          <ShippingMethodCode>1</ShippingMethodCode>
          <StateOrProvince xsi:nil="true"></StateOrProvince>
          <Telephone1 xsi:nil="true"></Telephone1>
          <Telephone2 xsi:nil="true"></Telephone2>
          <Telephone3 xsi:nil="true"></Telephone3>
          <TimeZoneRuleVersionNumber xsi:nil="true"></TimeZoneRuleVersionNumber>
          <UPSZone xsi:nil="true"></UPSZone>
          <UTCOffset xsi:nil="true"></UTCOffset>
          <UTCConversionTimeZoneCode xsi:nil="true"></UTCConversionTimeZoneCode>
        </Address>
        <Address>
          <AddressNumber>2</AddressNumber>
          <AddressTypeCode>1</AddressTypeCode>
          <City xsi:nil="true"></City>
          <County xsi:nil="true"></County>
          <Country xsi:nil="true"></Country>
          <Fax xsi:nil="true"></Fax>
          <FreightTermsCode xsi:nil="true"></FreightTermsCode>
          <ImportSequenceNumber xsi:nil="true"></ImportSequenceNumber>
          <Latitude xsi:nil="true"></Latitude>
          <Line1 xsi:nil="true"></Line1>
          <Line2 xsi:nil="true"></Line2>
          <Line3 xsi:nil="true"></Line3>
          <Longitude xsi:nil="true"></Longitude>
          <Name xsi:nil="true"></Name>
          <PostalCode xsi:nil="true"></PostalCode>
          <PostOfficeBox xsi:nil="true"></PostOfficeBox>
          <PrimaryContactName xsi:nil="true"></PrimaryContactName>
          <ShippingMethodCode>1</ShippingMethodCode>
          <StateOrProvince xsi:nil="true"></StateOrProvince>
          <Telephone1 xsi:nil="true"></Telephone1>
          <Telephone2 xsi:nil="true"></Telephone2>
          <Telephone3 xsi:nil="true"></Telephone3>
          <TimeZoneRuleVersionNumber xsi:nil="true"></TimeZoneRuleVersionNumber>
          <UPSZone xsi:nil="true"></UPSZone>
          <UTCOffset xsi:nil="true"></UTCOffset>
          <UTCConversionTimeZoneCode xsi:nil="true"></UTCConversionTimeZoneCode>
        </Address>
      </Addresses>
    </Publisher>
    <RootComponents>
      <RootComponent type="1" schemaName="autocoe_automationproject" behavior="0" />
      <RootComponent type="1" schemaName="autocoe_desktopflowaction" behavior="0" />
      <RootComponent type="1" schemaName="autocoe_desktopflowdefinition" behavior="0" />
      <RootComponent type="1" schemaName="autocoe_desktopflowdlpimpactprofile" behavior="0" />
      <RootComponent type="1" schemaName="autocoe_flowsessionexception" behavior="0" />
      <RootComponent type="1" schemaName="autocoe_flowsessionexceptionruleconfiguration" behavior="0" />
      <RootComponent type="1" schemaName="autocoe_flowsessiontrace" behavior="0" />
      <RootComponent type="1" schemaName="autocoe_solutionmetering" behavior="0" />
      <RootComponent type="1" schemaName="autocoe_solutionmeteringartifact" behavior="0" />
      <RootComponent type="9" schemaName="autocoe_solutionarftifacttype" behavior="0" />
      <RootComponent type="20" id="{811274c2-bb8c-ec11-b400-0022486f421d}" behavior="0" />
      <RootComponent type="20" id="{9a9d35ef-c49e-ec11-b400-0022486f4172}" behavior="0" />
      <RootComponent type="29" id="{089d9a22-258c-ec11-93b0-000d3a83ca8e}" behavior="0" />
      <RootComponent type="29" id="{1505b81f-4e3d-ec11-8c63-0022480b320d}" behavior="0" />
      <RootComponent type="29" id="{1fcc863a-f39d-ec11-b400-0022486f4d79}" behavior="0" />
      <RootComponent type="29" id="{33a0af05-b43b-ec11-b6e5-00224809b791}" behavior="0" />
      <RootComponent type="29" id="{3593353e-c33b-ec11-b6e5-00224809bae4}" behavior="0" />
      <RootComponent type="29" id="{416004c2-f5b5-ec11-983f-000d3a34b95c}" behavior="0" />
      <RootComponent type="29" id="{44f7220e-bf3b-ec11-b6e5-00224809bae4}" behavior="0" />
      <RootComponent type="29" id="{73a72ac0-c99f-ec11-b400-00224806a323}" behavior="0" />
      <RootComponent type="29" id="{8a017897-6fa3-ec11-983f-0022480b188a}" behavior="0" />
      <RootComponent type="29" id="{969e4419-f946-ec11-8c62-000d3a591eba}" behavior="0" />
      <RootComponent type="29" id="{9843db4b-a9c1-ec11-983e-0022480a2ee0}" behavior="0" />
      <RootComponent type="29" id="{98f8449f-4bc2-ec11-983e-0022480a2b42}" behavior="0" />
      <RootComponent type="29" id="{a6f729d2-f746-ec11-8c62-000d3a59109e}" behavior="0" />
      <RootComponent type="29" id="{a8543335-d460-ec11-8f8f-000d3a33f4d2}" behavior="0" />
      <RootComponent type="29" id="{d3044475-5041-ec11-8c62-002248047c81}" behavior="0" />
      <RootComponent type="29" id="{df84820c-cf60-ec11-8f8f-000d3a33f4d2}" behavior="0" />
      <RootComponent type="29" id="{ec28d51d-b8a9-ec11-9840-000d3a83c406}" behavior="0" />
      <RootComponent type="29" id="{fe606403-d49f-ec11-b400-002248086ae8}" behavior="0" />
      <RootComponent type="70" id="{274a2a66-74aa-ec11-9840-000d3a83c406}" behavior="0" />
      <RootComponent type="91" id="{c8f4f22d-c74c-4d46-b206-8eee6f084e4f}" schemaName="AutoCoE.Extensibility.Plugins, Version=0.1.0.0, Culture=neutral, PublicKeyToken=65fb68c99935ed4d" behavior="0" />
      <RootComponent type="300" schemaName="autocoe_automationsolutionviewer_0c4ec" behavior="0" />
      <RootComponent type="300" schemaName="autocoe_dlpimpactanalysisforpad_c54d9" behavior="0" />
    </RootComponents>
    <MissingDependencies>
      <MissingDependency>
        <Required type="1" schemaName="environmentvariabledefinition" displayName="Environment Variable Definition" solution="EnvironmentVariables (1.0.2.141)" />
        <Dependent type="300" schemaName="autocoe_automationsolutionviewer_0c4ec" displayName="Automation Solution Manager" />
      </MissingDependency>
      <MissingDependency>
        <Required type="1" schemaName="environmentvariabledefinition" displayName="Environment Variable Definition" solution="EnvironmentVariables (1.0.2.141)" />
        <Dependent type="300" schemaName="autocoe_dlpimpactanalysisforpad_c54d9" displayName="DLP Impact Analysis for PAD" />
      </MissingDependency>
      <MissingDependency>
        <Required type="1" schemaName="environmentvariablevalue" displayName="Environment Variable Value" solution="EnvironmentVariables (1.0.2.141)" />
        <Dependent type="300" schemaName="autocoe_automationsolutionviewer_0c4ec" displayName="Automation Solution Manager" />
      </MissingDependency>
      <MissingDependency>
        <Required type="1" schemaName="environmentvariablevalue" displayName="Environment Variable Value" solution="EnvironmentVariables (1.0.2.141)" />
        <Dependent type="300" schemaName="autocoe_dlpimpactanalysisforpad_c54d9" displayName="DLP Impact Analysis for PAD" />
      </MissingDependency>
      <MissingDependency>
        <Required type="1" schemaName="flowsession" displayName="Flow Session" solution="MicrosoftFlowExtensionsCore (1.4.3.1)">
          <package>MicrosoftFlowExtensionsAnchor (1.4.3.1)</package>
        </Required>
        <Dependent type="29" displayName="Flow Session Exception Sync" id="{089d9a22-258c-ec11-93b0-000d3a83ca8e}" />
      </MissingDependency>
      <MissingDependency>
        <Required type="1" schemaName="flowsession" displayName="Flow Session" solution="MicrosoftFlowExtensionsCore (1.4.3.1)">
          <package>MicrosoftFlowExtensionsAnchor (1.4.3.1)</package>
        </Required>
        <Dependent type="29" displayName="Sync Flow Session Trace (Flow Session Trigger)" id="{1505b81f-4e3d-ec11-8c63-0022480b320d}" />
      </MissingDependency>
      <MissingDependency>
        <Required type="300" schemaName="cat_powercatcomponentlibrary_0be3a" displayName="Power CAT Component Library" solution="CreatorKitCore (1.0.20221014.1)" />
        <Dependent type="300" schemaName="autocoe_automationsolutionviewer_0c4ec" displayName="Automation Solution Manager" />
      </MissingDependency>
      <MissingDependency>
        <Required type="66" schemaName="cat_PowerCAT.Breadcrumb" displayName="cat_PowerCAT.Breadcrumb" solution="CreatorKitCore (1.0.20221014.1)" />
        <Dependent type="300" schemaName="autocoe_automationsolutionviewer_0c4ec" displayName="Automation Solution Manager" />
      </MissingDependency>
      <MissingDependency>
        <Required type="66" schemaName="cat_PowerCAT.CommandBar" displayName="cat_PowerCAT.CommandBar" solution="CreatorKitCore (1.0.20221014.1)" />
        <Dependent type="300" schemaName="autocoe_automationsolutionviewer_0c4ec" displayName="Automation Solution Manager" />
      </MissingDependency>
      <MissingDependency>
        <Required type="66" schemaName="cat_PowerCAT.FluentDetailsList" displayName="cat_PowerCAT.FluentDetailsList" solution="CreatorKitCore (1.0.20221014.1)" />
        <Dependent type="300" schemaName="autocoe_automationsolutionviewer_0c4ec" displayName="Automation Solution Manager" />
      </MissingDependency>
      <MissingDependency>
        <Required type="66" schemaName="cat_PowerCAT.FluentDetailsList" displayName="cat_PowerCAT.FluentDetailsList" solution="CreatorKitCore (1.0.20221014.1)" />
        <Dependent type="300" schemaName="autocoe_dlpimpactanalysisforpad_c54d9" displayName="DLP Impact Analysis for PAD" />
      </MissingDependency>
      <MissingDependency>
        <Required type="66" schemaName="cat_PowerCAT.Icon" displayName="cat_PowerCAT.Icon" solution="CreatorKitCore (1.0.20221014.1)" />
        <Dependent type="300" schemaName="autocoe_automationsolutionviewer_0c4ec" displayName="Automation Solution Manager" />
      </MissingDependency>
      <MissingDependency>
        <Required type="66" schemaName="cat_PowerCAT.Nav" displayName="cat_PowerCAT.Nav" solution="CreatorKitCore (1.0.20221014.1)" />
        <Dependent type="300" schemaName="autocoe_automationsolutionviewer_0c4ec" displayName="Automation Solution Manager" />
      </MissingDependency>
      <MissingDependency>
        <Required type="66" schemaName="cat_PowerCAT.Picker" displayName="cat_PowerCAT.Picker" solution="CreatorKitCore (1.0.20221014.1)" />
        <Dependent type="300" schemaName="autocoe_automationsolutionviewer_0c4ec" displayName="Automation Solution Manager" />
      </MissingDependency>
      <MissingDependency>
        <Required type="66" schemaName="cat_PowerCAT.Pivot" displayName="cat_PowerCAT.Pivot" solution="CreatorKitCore (1.0.20221014.1)" />
        <Dependent type="300" schemaName="autocoe_automationsolutionviewer_0c4ec" displayName="Automation Solution Manager" />
      </MissingDependency>
    </MissingDependencies>
  </SolutionManifest>
</ImportExportXml>