<environmentvariabledefinition schemaname="autocoe_EnvironmentURL">
  <description default="The environment URL of the current environment. This will be added to the flow session trace table during processing. Found in aka.ms/ppac or session details. Example &quot; https://automation.crm.dynamics.com/&quot;">
    <label description="The environment URL of the current environment. This will be added to the flow session trace table during processing. Found in aka.ms/ppac or session details. Example &quot; https://automation.crm.dynamics.com/&quot;" languagecode="1033" />
  </description>
  <displayname default="Environment URL">
    <label description="Environment URL" languagecode="1033" />
  </displayname>
  <introducedversion>1.0.0.0</introducedversion>
  <iscustomizable>1</iscustomizable>
  <isrequired>0</isrequired>
  <secretstore>0</secretstore>
  <type>100000000</type>
</environmentvariabledefinition>