<environmentvariabledefinition schemaname="autocoe_EnvironmentUniqeName">
  <description default="Current Environment - Unique name along with its [.crm] extension. Example &quot;unqda99ac46cfcd47eba73db6d73de2e.crm&quot;. Please note that the extension 'crm', 'crm[x]'etc. Is region dependent. Found in Session details in Power Apps portal">
    <label description="Current Environment - Unique name along with its [.crm] extension. Example &quot;unqda99ac46cfcd47eba73db6d73de2e.crm&quot;. Please note that the extension 'crm', 'crm[x]'etc. Is region dependent. Found in Session details in Power Apps portal" languagecode="1033" />
  </description>
  <displayname default="Environment Unique Name">
    <label description="Environment Unique Name" languagecode="1033" />
  </displayname>
  <introducedversion>1.0.0.0</introducedversion>
  <iscustomizable>1</iscustomizable>
  <isrequired>0</isrequired>
  <secretstore>0</secretstore>
  <type>100000000</type>
</environmentvariabledefinition>