<environmentvariabledefinition schemaname="autocoe_StoreExtractedScript">
  <defaultvalue>yes</defaultvalue>
  <description default="Indicates whether the extracted Desktop Flow Script should also be store in Dataverse or just the DLP Impact profile.">
    <label description="Indicates whether the extracted Desktop Flow Script should also be store in Dataverse or just the DLP Impact profile." languagecode="1033" />
  </description>
  <displayname default="Store Extracted Script">
    <label description="Store Extracted Script" languagecode="1033" />
  </displayname>
  <introducedversion>1.0.0.0</introducedversion>
  <iscustomizable>1</iscustomizable>
  <isrequired>0</isrequired>
  <secretstore>0</secretstore>
  <type>100000002</type>
</environmentvariabledefinition>