<entities >
  <entity name="autocoe_auditlog" displayname="Audit Log" etc="10198" primaryidfield="autocoe_auditlogid" primarynamefield="autocoe_logid" disableplugins="false">
    <fields>
      <field displayname="Application" name="autocoe_application" type="string" customfield="true" />
      <field displayname="Audit Log" name="autocoe_auditlogid" type="guid" primaryKey="true" />
      <field displayname="Automation Project" name="autocoe_automationproject" type="entityreference" lookupType="autocoe_automationproject" customfield="true" />
      <field displayname="Category" name="autocoe_category" type="optionsetvalue" customfield="true" />
      <field displayname="Consequence" name="autocoe_consequence" type="optionsetvalue" customfield="true" />
      <field displayname="Created By" name="createdby" type="entityreference" lookupType="systemuser" />
      <field displayname="Created By (Delegate)" name="createdonbehalfby" type="entityreference" lookupType="systemuser" />
      <field displayname="Created On" name="createdon" type="datetime" />
      <field displayname="Details" name="autocoe_details" type="string" customfield="true" />
      <field displayname="Environment Display Name" name="autocoe_environmentdisplayname" type="string" customfield="true" />
      <field displayname="Environment Unique Name" name="autocoe_environmentuniquename" type="string" customfield="true" />
      <field displayname="External Reference Id" name="autocoe_externalreferenceid" type="string" customfield="true" />
      <field displayname="Identity" name="autocoe_identity" type="string" customfield="true" />
      <field displayname="Import Sequence Number" name="importsequencenumber" type="number" />
      <field displayname="Likelihood of Reoccurrence" name="autocoe_likelihoodofreoccurrence" type="optionsetvalue" customfield="true" />
      <field displayname="Log Date" name="autocoe_logdate" type="datetime" customfield="true" />
      <field displayname="Log Id" name="autocoe_logid" type="string" customfield="true" />
      <field displayname="Log Text" name="autocoe_logtext" type="string" customfield="true" />
      <field displayname="Modified By" name="modifiedby" type="entityreference" lookupType="systemuser" />
      <field displayname="Modified By (Delegate)" name="modifiedonbehalfby" type="entityreference" lookupType="systemuser" />
      <field displayname="Modified On" name="modifiedon" type="datetime" />
      <field displayname="Owner" name="ownerid" type="owner" />
      <field displayname="Owning Business Unit" name="owningbusinessunit" type="entityreference" lookupType="businessunit" />
      <field displayname="Owning Team" name="owningteam" type="entityreference" lookupType="team" />
      <field displayname="Owning User" name="owninguser" type="entityreference" lookupType="systemuser" />
      <field displayname="Record Created On" name="overriddencreatedon" type="datetime" />
      <field displayname="Reported By" name="autocoe_reportedby" type="string" customfield="true" />
      <field displayname="Risk Index" name="autocoe_riskindex" type="number" customfield="true" />
      <field displayname="Status" name="statecode" type="state" />
      <field displayname="Status Reason" name="statuscode" type="status" />
      <field displayname="Time Zone Rule Version Number" name="timezoneruleversionnumber" type="number" />
      <field displayname="UTC Conversion Time Zone Code" name="utcconversiontimezonecode" type="number" />
      <field displayname="Version Number" name="versionnumber" type="bigint" />
    </fields>
    <relationships />
  </entity>
  <entity name="autocoe_automationcorporategoals" displayname="Automation Corporate Goals" etc="10199" primaryidfield="autocoe_automationcorporategoalsid" primarynamefield="autocoe_goalname" disableplugins="false">
    <fields>
      <field displayname="Actual Total Savings" name="autocoe_actualtotalsavings" type="number" customfield="true" />
      <field displayname="Actual Total Savings (Last Updated On)" name="autocoe_actualtotalsavings_date" type="datetime" customfield="true" />
      <field displayname="Actual Total Savings (State)" name="autocoe_actualtotalsavings_state" type="number" customfield="true" />
      <field displayname="Automation Corporate Goals" name="autocoe_automationcorporategoalsid" type="guid" primaryKey="true" />
      <field displayname="Created By" name="createdby" type="entityreference" lookupType="systemuser" />
      <field displayname="Created By (Delegate)" name="createdonbehalfby" type="entityreference" lookupType="systemuser" />
      <field displayname="Created On" name="createdon" type="datetime" />
      <field displayname="Goal Name" name="autocoe_goalname" type="string" customfield="true" />
      <field displayname="Import Sequence Number" name="importsequencenumber" type="number" />
      <field displayname="Modified By" name="modifiedby" type="entityreference" lookupType="systemuser" />
      <field displayname="Modified By (Delegate)" name="modifiedonbehalfby" type="entityreference" lookupType="systemuser" />
      <field displayname="Modified On" name="modifiedon" type="datetime" />
      <field displayname="Owner" name="ownerid" type="owner" />
      <field displayname="Owning Business Unit" name="owningbusinessunit" type="entityreference" lookupType="businessunit" />
      <field displayname="Owning Team" name="owningteam" type="entityreference" lookupType="team" />
      <field displayname="Owning User" name="owninguser" type="entityreference" lookupType="systemuser" />
      <field displayname="Period From" name="autocoe_periodfrom" type="datetime" customfield="true" />
      <field displayname="Period To" name="autocoe_periodto" type="datetime" customfield="true" />
      <field displayname="Record Created On" name="overriddencreatedon" type="datetime" />
      <field displayname="Status" name="statecode" type="state" />
      <field displayname="Status Reason" name="statuscode" type="status" />
      <field displayname="Target Efficiency Gain %" name="autocoe_targetefficiencygain" type="decimal" customfield="true" />
      <field displayname="Target Total Savings" name="autocoe_targettotalsavings" type="number" customfield="true" />
      <field displayname="Time Zone Rule Version Number" name="timezoneruleversionnumber" type="number" />
      <field displayname="UTC Conversion Time Zone Code" name="utcconversiontimezonecode" type="number" />
      <field displayname="Version Number" name="versionnumber" type="bigint" />
    </fields>
    <relationships />
  </entity>
  <entity name="autocoe_automationproject" displayname="Automation Project" etc="10200" primaryidfield="autocoe_automationprojectid" primarynamefield="autocoe_automationproject" disableplugins="false">
    <fields>
      <field displayname="Approved By" name="autocoe_approvedby" type="string" customfield="true" />
      <field displayname="Approved On" name="autocoe_approvedon" type="datetime" customfield="true" />
      <field displayname="Automation Corporate Goals" name="autocoe_automationcorporategoals" type="entityreference" lookupType="autocoe_automationcorporategoals" customfield="true" />
      <field displayname="Automation Project" name="autocoe_automationprojectid" type="guid" primaryKey="true" />
      <field displayname="Automation Project Name" name="autocoe_automationproject" type="string" customfield="true" />
      <field displayname="Automation Project Number" name="autocoe_automationprojectnumber" type="string" customfield="true" />
      <field displayname="Automation Project Status" name="autocoe_automationprojectstatus" type="optionsetvalue" customfield="true" />
      <field displayname="AVG Error Rate %" name="autocoe_avgerrorratepct" type="decimal" customfield="true" />
      <field displayname="AVG Hourly Cost Per FTE" name="autocoe_avghourlycostperfte" type="decimal" customfield="true" />
      <field displayname="AVG Number Of Automation Steps" name="autocoe_avgnumberofautomationsteps" type="number" customfield="true" />
      <field displayname="AVG Rework Time in Minutes" name="autocoe_avgreworktimeinminutes" type="decimal" customfield="true" />
      <field displayname="Business Owner" name="autocoe_businessowner" type="string" customfield="true" />
      <field displayname="Business Owner Email" name="autocoe_businessowneremail" type="string" customfield="true" />
      <field displayname="Complexity Score" name="autocoe_complexityscore" type="number" customfield="true" />
      <field displayname="Created By" name="createdby" type="entityreference" lookupType="systemuser" />
      <field displayname="Created By (Delegate)" name="createdonbehalfby" type="entityreference" lookupType="systemuser" />
      <field displayname="Created On" name="createdon" type="datetime" />
      <field displayname="Currency" name="transactioncurrencyid" type="entityreference" lookupType="transactioncurrency" />
      <field displayname="Department" name="autocoe_department" type="entityreference" lookupType="autocoe_department" customfield="true" />
      <field displayname="Development Costs" name="autocoe_developmentcosts" type="money" customfield="true" />
      <field displayname="Development Costs (Base)" name="autocoe_developmentcosts_base" type="money" customfield="true" />
      <field displayname="Exchange Rate" name="exchangerate" type="decimal" />
      <field displayname="Import Sequence Number" name="importsequencenumber" type="number" />
      <field displayname="Internal ROI Saving Potential" name="autocoe_internalroisavingpotential" type="number" customfield="true" />
      <field displayname="Maintenance Overhead %" name="autocoe_maintenanceoverhead" type="decimal" customfield="true" />
      <field displayname="Modified By" name="modifiedby" type="entityreference" lookupType="systemuser" />
      <field displayname="Modified By (Delegate)" name="modifiedonbehalfby" type="entityreference" lookupType="systemuser" />
      <field displayname="Modified On" name="modifiedon" type="datetime" />
      <field displayname="Number Of FTEs Needed" name="autocoe_numberofftesneeded" type="decimal" customfield="true" />
      <field displayname="Number Of FTEs Needed For Review/Rework" name="autocoe_numberofftesneededforreviewrework" type="decimal" customfield="true" />
      <field displayname="Owner" name="ownerid" type="owner" />
      <field displayname="Owning Business Unit" name="owningbusinessunit" type="entityreference" lookupType="businessunit" />
      <field displayname="Owning Team" name="owningteam" type="entityreference" lookupType="team" />
      <field displayname="Owning User" name="owninguser" type="entityreference" lookupType="systemuser" />
      <field displayname="Primary Improvement Driver" name="autocoe_primaryimprovementdriver" type="optionsetvaluecollection" customfield="true" />
      <field displayname="Primary Process Challenges" name="autocoe_primaryprocesschallenges" type="string" customfield="true" />
      <field displayname="Process Category" name="autocoe_processcategory" type="entityreference" lookupType="autocoe_processcategory" customfield="true" />
      <field displayname="Process Sub Category" name="autocoe_processsubcategory" type="entityreference" lookupType="autocoe_processsubcategory" customfield="true" />
      <field displayname="Processing Frequency" name="autocoe_processingfrequency" type="entityreference" lookupType="autocoe_processingfrequencyscore" customfield="true" />
      <field displayname="Processing Peaks" name="autocoe_processingpeaks" type="entityreference" lookupType="autocoe_processingpeaksscore" customfield="true" />
      <field displayname="Record Created On" name="overriddencreatedon" type="datetime" />
      <field displayname="ROI Saving Potential" name="autocoe_roisavingpotential" type="money" customfield="true" />
      <field displayname="ROI Saving Potential (Base)" name="autocoe_roisavingpotential_base" type="money" customfield="true" />
      <field displayname="Status" name="statecode" type="state" />
      <field displayname="Status Reason" name="statuscode" type="status" />
      <field displayname="Submitted By" name="autocoe_submittedby" type="string" customfield="true" />
      <field displayname="Submitted On" name="autocoe_submittedon" type="datetime" customfield="true" />
      <field displayname="Time Zone Rule Version Number" name="timezoneruleversionnumber" type="number" />
      <field displayname="Total Costs Per Year As Is" name="autocoe_totalcostsperyearasis" type="number" customfield="true" />
      <field displayname="Total Processing Time in Minutes" name="autocoe_totalprocessingtimeinminutes" type="decimal" customfield="true" />
      <field displayname="UTC Conversion Time Zone Code" name="utcconversiontimezonecode" type="number" />
      <field displayname="Version Number" name="versionnumber" type="bigint" />
      <field displayname="Volume Per Process Frequency" name="autocoe_volumeperprocessfrequency" type="decimal" customfield="true" />
      <field displayname="Working Days Per Year" name="autocoe_workingdaysperyear" type="decimal" customfield="true" />
      <field displayname="Working Hours Per Day" name="autocoe_workinghoursperday" type="decimal" customfield="true" />
    </fields>
    <relationships>
      <relationship name="autocoe_environment_automationproject_mapping" manyToMany="true" isreflexive="false" relatedEntityName="autocoe_environment_automationproject_mapping" m2mTargetEntity="autocoe_environment" m2mTargetEntityPrimaryKey="autocoe_environmentid" />
    </relationships>
  </entity>
  <entity name="autocoe_automationprojectstakeholder" displayname="Automation Project Stakeholder" etc="10201" primaryidfield="autocoe_automationprojectstakeholderid" primarynamefield="autocoe_stakeholdername" disableplugins="false">
    <fields>
      <field displayname="Automation Project" name="autocoe_automationproject" type="entityreference" lookupType="autocoe_automationproject" customfield="true" />
      <field displayname="Automation Project Stakeholder" name="autocoe_automationprojectstakeholderid" type="guid" primaryKey="true" />
      <field displayname="Created By" name="createdby" type="entityreference" lookupType="systemuser" />
      <field displayname="Created By (Delegate)" name="createdonbehalfby" type="entityreference" lookupType="systemuser" />
      <field displayname="Created On" name="createdon" type="datetime" />
      <field displayname="External User Email" name="autocoe_externaluseremail" type="string" customfield="true" />
      <field displayname="External User Identifier" name="autocoe_externaluseridentifier" type="string" customfield="true" />
      <field displayname="Import Sequence Number" name="importsequencenumber" type="number" />
      <field displayname="Internal User" name="autocoe_internaluser" type="entityreference" lookupType="systemuser" customfield="true" />
      <field displayname="Modified By" name="modifiedby" type="entityreference" lookupType="systemuser" />
      <field displayname="Modified By (Delegate)" name="modifiedonbehalfby" type="entityreference" lookupType="systemuser" />
      <field displayname="Modified On" name="modifiedon" type="datetime" />
      <field displayname="Owner" name="ownerid" type="owner" />
      <field displayname="Owning Business Unit" name="owningbusinessunit" type="entityreference" lookupType="businessunit" />
      <field displayname="Owning Team" name="owningteam" type="entityreference" lookupType="team" />
      <field displayname="Owning User" name="owninguser" type="entityreference" lookupType="systemuser" />
      <field displayname="Record Created On" name="overriddencreatedon" type="datetime" />
      <field displayname="Role" name="autocoe_role" type="entityreference" lookupType="autocoe_role" customfield="true" />
      <field displayname="Stakeholder Name" name="autocoe_stakeholdername" type="string" customfield="true" />
      <field displayname="Status" name="statecode" type="state" />
      <field displayname="Status Reason" name="statuscode" type="status" />
      <field displayname="Time Zone Rule Version Number" name="timezoneruleversionnumber" type="number" />
      <field displayname="UTC Conversion Time Zone Code" name="utcconversiontimezonecode" type="number" />
      <field displayname="Version Number" name="versionnumber" type="bigint" />
    </fields>
    <relationships />
  </entity>
  <entity name="autocoe_averageautomationstepsscore" displayname="Average Automation Steps Score" etc="10202" primaryidfield="autocoe_averageautomationstepsscoreid" primarynamefield="autocoe_range" disableplugins="false">
    <fields>
      <field displayname="Average Automation Steps Score" name="autocoe_averageautomationstepsscoreid" type="guid" primaryKey="true" />
      <field displayname="Created By" name="createdby" type="entityreference" lookupType="systemuser" />
      <field displayname="Created By (Delegate)" name="createdonbehalfby" type="entityreference" lookupType="systemuser" />
      <field displayname="Created On" name="createdon" type="datetime" />
      <field displayname="Import Sequence Number" name="importsequencenumber" type="number" />
      <field displayname="Modified By" name="modifiedby" type="entityreference" lookupType="systemuser" />
      <field displayname="Modified By (Delegate)" name="modifiedonbehalfby" type="entityreference" lookupType="systemuser" />
      <field displayname="Modified On" name="modifiedon" type="datetime" />
      <field displayname="Owner" name="ownerid" type="owner" />
      <field displayname="Owning Business Unit" name="owningbusinessunit" type="entityreference" lookupType="businessunit" />
      <field displayname="Owning Team" name="owningteam" type="entityreference" lookupType="team" />
      <field displayname="Owning User" name="owninguser" type="entityreference" lookupType="systemuser" />
      <field displayname="Range" name="autocoe_range" type="string" customfield="true" />
      <field displayname="Record Created On" name="overriddencreatedon" type="datetime" />
      <field displayname="Score" name="autocoe_score" type="number" customfield="true" />
      <field displayname="Status" name="statecode" type="state" />
      <field displayname="Status Reason" name="statuscode" type="status" />
      <field displayname="Time Zone Rule Version Number" name="timezoneruleversionnumber" type="number" />
      <field displayname="UTC Conversion Time Zone Code" name="utcconversiontimezonecode" type="number" />
      <field displayname="Value From" name="autocoe_valuefrom" type="number" customfield="true" />
      <field displayname="Value To" name="autocoe_valueto" type="number" customfield="true" />
      <field displayname="Version Number" name="versionnumber" type="bigint" />
    </fields>
    <relationships />
  </entity>
  <entity name="autocoe_baseconfiguration" displayname="Base Configuration" etc="10203" primaryidfield="autocoe_baseconfigurationid" primarynamefield="autocoe_coename" disableplugins="false">
    <fields>
      <field displayname="Base Configuration" name="autocoe_baseconfigurationid" type="guid" primaryKey="true" />
      <field displayname="CoE Name" name="autocoe_coename" type="string" customfield="true" />
      <field displayname="Created By" name="createdby" type="entityreference" lookupType="systemuser" />
      <field displayname="Created By (Delegate)" name="createdonbehalfby" type="entityreference" lookupType="systemuser" />
      <field displayname="Created On" name="createdon" type="datetime" />
      <field displayname="DevOps Organization Name" name="autocoe_devopsorganizationname" type="string" customfield="true" />
      <field displayname="DevOps Project Name" name="autocoe_devopsprojectname" type="string" customfield="true" />
      <field displayname="Fallback Approver" name="autocoe_fallbackapprover" type="entityreference" lookupType="systemuser" customfield="true" />
      <field displayname="Fallback Environment" name="autocoe_fallbackenvironment" type="entityreference" lookupType="autocoe_environment" customfield="true" />
      <field displayname="Fallback Process Owner" name="autocoe_fallbackprocessowner" type="entityreference" lookupType="systemuser" customfield="true" />
      <field displayname="Import Sequence Number" name="importsequencenumber" type="number" />
      <field displayname="Modified By" name="modifiedby" type="entityreference" lookupType="systemuser" />
      <field displayname="Modified By (Delegate)" name="modifiedonbehalfby" type="entityreference" lookupType="systemuser" />
      <field displayname="Modified On" name="modifiedon" type="datetime" />
      <field displayname="Owner" name="ownerid" type="owner" />
      <field displayname="Owning Business Unit" name="owningbusinessunit" type="entityreference" lookupType="businessunit" />
      <field displayname="Owning Team" name="owningteam" type="entityreference" lookupType="team" />
      <field displayname="Owning User" name="owninguser" type="entityreference" lookupType="systemuser" />
      <field displayname="Record Created On" name="overriddencreatedon" type="datetime" />
      <field displayname="Status" name="statecode" type="state" />
      <field displayname="Status Reason" name="statuscode" type="status" />
      <field displayname="Time Zone Rule Version Number" name="timezoneruleversionnumber" type="number" />
      <field displayname="UTC Conversion Time Zone Code" name="utcconversiontimezonecode" type="number" />
      <field displayname="Version Number" name="versionnumber" type="bigint" />
    </fields>
    <relationships />
  </entity>
  <entity name="autocoe_consoleconfig" displayname="Console Config" etc="10204" primaryidfield="autocoe_consoleconfigid" primarynamefield="autocoe_name" disableplugins="false">
    <fields>
      <field displayname="App Description" name="autocoe_appdescription" type="string" customfield="true" />
      <field displayname="App Link" name="autocoe_applink" type="string" customfield="true" />
      <field displayname="AppID" name="autocoe_appid" type="string" customfield="true" />
      <field displayname="Console Config" name="autocoe_consoleconfigid" type="guid" primaryKey="true" />
      <field displayname="Created By" name="createdby" type="entityreference" lookupType="systemuser" />
      <field displayname="Created By (Delegate)" name="createdonbehalfby" type="entityreference" lookupType="systemuser" />
      <field displayname="Created On" name="createdon" type="datetime" />
      <field displayname="Import Sequence Number" name="importsequencenumber" type="number" />
      <field displayname="Modified By" name="modifiedby" type="entityreference" lookupType="systemuser" />
      <field displayname="Modified By (Delegate)" name="modifiedonbehalfby" type="entityreference" lookupType="systemuser" />
      <field displayname="Modified On" name="modifiedon" type="datetime" />
      <field displayname="Name" name="autocoe_name" type="string" customfield="true" />
      <field displayname="Owner" name="ownerid" type="owner" />
      <field displayname="Owning Business Unit" name="owningbusinessunit" type="entityreference" lookupType="businessunit" />
      <field displayname="Owning Team" name="owningteam" type="entityreference" lookupType="team" />
      <field displayname="Owning User" name="owninguser" type="entityreference" lookupType="systemuser" />
      <field displayname="Record Created On" name="overriddencreatedon" type="datetime" />
      <field displayname="Status" name="statecode" type="state" />
      <field displayname="Status Reason" name="statuscode" type="status" />
      <field displayname="Time Zone Rule Version Number" name="timezoneruleversionnumber" type="number" />
      <field displayname="UTC Conversion Time Zone Code" name="utcconversiontimezonecode" type="number" />
      <field displayname="Version Number" name="versionnumber" type="bigint" />
    </fields>
    <relationships />
  </entity>
  <entity name="autocoe_consolegallery" displayname="Console Gallery" etc="10205" primaryidfield="autocoe_consolegalleryid" primarynamefield="autocoe_name" disableplugins="false">
    <fields>
      <field displayname="autocoe_imagefileid" name="autocoe_imagefileid" type="guid" customfield="true" />
      <field displayname="Console Config" name="autocoe_consoleconfig" type="entityreference" lookupType="autocoe_consoleconfig" customfield="true" />
      <field displayname="Console Gallery" name="autocoe_consolegalleryid" type="guid" primaryKey="true" />
      <field displayname="Created By" name="createdby" type="entityreference" lookupType="systemuser" />
      <field displayname="Created By (Delegate)" name="createdonbehalfby" type="entityreference" lookupType="systemuser" />
      <field displayname="Created On" name="createdon" type="datetime" />
      <field displayname="Image Description" name="autocoe_imagedescription" type="string" customfield="true" />
      <field displayname="ImageFile" name="autocoe_imagefile" type="imagedata" customfield="true" />
      <field displayname="Import Sequence Number" name="importsequencenumber" type="number" />
      <field displayname="Modified By" name="modifiedby" type="entityreference" lookupType="systemuser" />
      <field displayname="Modified By (Delegate)" name="modifiedonbehalfby" type="entityreference" lookupType="systemuser" />
      <field displayname="Modified On" name="modifiedon" type="datetime" />
      <field displayname="Name" name="autocoe_name" type="string" customfield="true" />
      <field displayname="Owner" name="ownerid" type="owner" />
      <field displayname="Owning Business Unit" name="owningbusinessunit" type="entityreference" lookupType="businessunit" />
      <field displayname="Owning Team" name="owningteam" type="entityreference" lookupType="team" />
      <field displayname="Owning User" name="owninguser" type="entityreference" lookupType="systemuser" />
      <field displayname="Record Created On" name="overriddencreatedon" type="datetime" />
      <field displayname="Status" name="statecode" type="state" />
      <field displayname="Status Reason" name="statuscode" type="status" />
      <field displayname="Time Zone Rule Version Number" name="timezoneruleversionnumber" type="number" />
      <field displayname="UTC Conversion Time Zone Code" name="utcconversiontimezonecode" type="number" />
      <field displayname="Version Number" name="versionnumber" type="bigint" />
    </fields>
    <relationships />
  </entity>
  <entity name="autocoe_department" displayname="Department" etc="10206" primaryidfield="autocoe_departmentid" primarynamefield="autocoe_name" disableplugins="false">
    <fields>
      <field displayname="Business Unit" name="autocoe_businessunit" type="string" customfield="true" />
      <field displayname="Contact Email" name="autocoe_contactemail" type="string" customfield="true" />
      <field displayname="Created By" name="createdby" type="entityreference" lookupType="systemuser" />
      <field displayname="Created By (Delegate)" name="createdonbehalfby" type="entityreference" lookupType="systemuser" />
      <field displayname="Created On" name="createdon" type="datetime" />
      <field displayname="Department" name="autocoe_departmentid" type="guid" primaryKey="true" />
      <field displayname="Department Manager" name="autocoe_departmentmanager" type="entityreference" lookupType="systemuser" customfield="true" />
      <field displayname="Import Sequence Number" name="importsequencenumber" type="number" />
      <field displayname="Modified By" name="modifiedby" type="entityreference" lookupType="systemuser" />
      <field displayname="Modified By (Delegate)" name="modifiedonbehalfby" type="entityreference" lookupType="systemuser" />
      <field displayname="Modified On" name="modifiedon" type="datetime" />
      <field displayname="Name" name="autocoe_name" type="string" customfield="true" />
      <field displayname="Organization" name="autocoe_organization" type="string" customfield="true" />
      <field displayname="Owner" name="ownerid" type="owner" />
      <field displayname="Owning Business Unit" name="owningbusinessunit" type="entityreference" lookupType="businessunit" />
      <field displayname="Owning Team" name="owningteam" type="entityreference" lookupType="team" />
      <field displayname="Owning User" name="owninguser" type="entityreference" lookupType="systemuser" />
      <field displayname="Record Created On" name="overriddencreatedon" type="datetime" />
      <field displayname="Status" name="statecode" type="state" />
      <field displayname="Status Reason" name="statuscode" type="status" />
      <field displayname="Time Zone Rule Version Number" name="timezoneruleversionnumber" type="number" />
      <field displayname="UTC Conversion Time Zone Code" name="utcconversiontimezonecode" type="number" />
      <field displayname="Version Number" name="versionnumber" type="bigint" />
    </fields>
    <relationships />
  </entity>
  <entity name="autocoe_desktopflowaction" displayname="Desktop Flow Action" etc="10281" primaryidfield="autocoe_desktopflowactionid" primarynamefield="autocoe_actionname" disableplugins="false">
    <fields>
      <field displayname="Action Name" name="autocoe_actionname" type="string" customfield="true" />
      <field displayname="Created By" name="createdby" type="entityreference" lookupType="systemuser" />
      <field displayname="Created By (Delegate)" name="createdonbehalfby" type="entityreference" lookupType="systemuser" />
      <field displayname="Created On" name="createdon" type="datetime" />
      <field displayname="Desktop Flow Action" name="autocoe_desktopflowactionid" type="guid" primaryKey="true" />
      <field displayname="DLP Support" name="autocoe_dlpsupport" type="bool" customfield="true" />
      <field displayname="Import Sequence Number" name="importsequencenumber" type="number" />
      <field displayname="Modified By" name="modifiedby" type="entityreference" lookupType="systemuser" />
      <field displayname="Modified By (Delegate)" name="modifiedonbehalfby" type="entityreference" lookupType="systemuser" />
      <field displayname="Modified On" name="modifiedon" type="datetime" />
      <field displayname="Module Display Name" name="autocoe_moduledisplayname" type="string" customfield="true" />
      <field displayname="Module Name" name="autocoe_modulename" type="string" customfield="true" />
      <field displayname="Module Source" name="autocoe_modulesource" type="string" customfield="true" />
      <field displayname="Owner" name="ownerid" type="owner" />
      <field displayname="Owning Business Unit" name="owningbusinessunit" type="entityreference" lookupType="businessunit" />
      <field displayname="Owning Team" name="owningteam" type="entityreference" lookupType="team" />
      <field displayname="Owning User" name="owninguser" type="entityreference" lookupType="systemuser" />
      <field displayname="Record Created On" name="overriddencreatedon" type="datetime" />
      <field displayname="Selector Id" name="autocoe_selectorid" type="string" customfield="true" />
      <field displayname="Status" name="statecode" type="state" />
      <field displayname="Status Reason" name="statuscode" type="status" />
      <field displayname="Time Zone Rule Version Number" name="timezoneruleversionnumber" type="number" />
      <field displayname="UTC Conversion Time Zone Code" name="utcconversiontimezonecode" type="number" />
      <field displayname="Version Number" name="versionnumber" type="bigint" />
    </fields>
    <relationships />
  </entity>
  <entity name="autocoe_desktopflowdefinition" displayname="Desktop Flow Definition" etc="10312" primaryidfield="autocoe_desktopflowdefinitionid" primarynamefield="autocoe_ownername" disableplugins="false">
    <fields>
      <field displayname="Created By" name="createdby" type="entityreference" lookupType="systemuser" />
      <field displayname="Created By (Delegate)" name="createdonbehalfby" type="entityreference" lookupType="systemuser" />
      <field displayname="Created On" name="createdon" type="datetime" />
      <field displayname="Desktop Flow" name="autocoe_desktopflow" type="entityreference" lookupType="workflow" customfield="true" />
      <field displayname="Desktop Flow Definition" name="autocoe_desktopflowdefinitionid" type="guid" primaryKey="true" />
      <field displayname="Desktop Flow Display Name" name="autocoe_desktopflowdisplayname" type="string" customfield="true" />
      <field displayname="Desktop Flow URL" name="autocoe_desktopflowurl" type="string" customfield="true" />
      <field displayname="Environment Id" name="autocoe_environmentid" type="string" customfield="true" />
      <field displayname="Import Sequence Number" name="importsequencenumber" type="number" />
      <field displayname="Modified By" name="modifiedby" type="entityreference" lookupType="systemuser" />
      <field displayname="Modified By (Delegate)" name="modifiedonbehalfby" type="entityreference" lookupType="systemuser" />
      <field displayname="Modified On" name="modifiedon" type="datetime" />
      <field displayname="Original Record Id" name="autocoe_originalrecordid" type="string" customfield="true" />
      <field displayname="Owner" name="ownerid" type="owner" />
      <field displayname="Owner Email" name="autocoe_owneremail" type="string" customfield="true" />
      <field displayname="Owner Name" name="autocoe_ownername" type="string" customfield="true" />
      <field displayname="Owning Business Unit" name="owningbusinessunit" type="entityreference" lookupType="businessunit" />
      <field displayname="Owning Team" name="owningteam" type="entityreference" lookupType="team" />
      <field displayname="Owning User" name="owninguser" type="entityreference" lookupType="systemuser" />
      <field displayname="Record Created On" name="overriddencreatedon" type="datetime" />
      <field displayname="Script" name="autocoe_script" type="string" customfield="true" />
      <field displayname="Status" name="statecode" type="state" />
      <field displayname="Status Reason" name="statuscode" type="status" />
      <field displayname="Time Zone Rule Version Number" name="timezoneruleversionnumber" type="number" />
      <field displayname="UTC Conversion Time Zone Code" name="utcconversiontimezonecode" type="number" />
      <field displayname="Version Number" name="versionnumber" type="bigint" />
    </fields>
    <relationships />
  </entity>
  <entity name="autocoe_desktopflowdlpimpactprofile" displayname="Desktop Flow DLP Impact Profile" etc="10298" primaryidfield="autocoe_desktopflowdlpimpactprofileid" primarynamefield="autocoe_desktopflowname" disableplugins="false">
    <fields>
      <field displayname="Action Name" name="autocoe_actionname" type="string" customfield="true" />
      <field displayname="Action Record Id" name="autocoe_actionrecordid" type="string" customfield="true" />
      <field displayname="Created By" name="createdby" type="entityreference" lookupType="systemuser" />
      <field displayname="Created By (Delegate)" name="createdonbehalfby" type="entityreference" lookupType="systemuser" />
      <field displayname="Created On" name="createdon" type="datetime" />
      <field displayname="Desktop Flow Definition" name="autocoe_desktopflowdefinition" type="entityreference" lookupType="autocoe_desktopflowdefinition" customfield="true" />
      <field displayname="Desktop Flow DLP Impact Profile" name="autocoe_desktopflowdlpimpactprofileid" type="guid" primaryKey="true" />
      <field displayname="Desktop Flow Id" name="autocoe_desktopflowid" type="string" customfield="true" />
      <field displayname="Desktop Flow Name" name="autocoe_desktopflowname" type="string" customfield="true" />
      <field displayname="Environment Id" name="autocoe_environmentid" type="string" customfield="true" />
      <field displayname="Import Sequence Number" name="importsequencenumber" type="number" />
      <field displayname="Modified By" name="modifiedby" type="entityreference" lookupType="systemuser" />
      <field displayname="Modified By (Delegate)" name="modifiedonbehalfby" type="entityreference" lookupType="systemuser" />
      <field displayname="Modified On" name="modifiedon" type="datetime" />
      <field displayname="Module Name" name="autocoe_modulename" type="string" customfield="true" />
      <field displayname="Module Source" name="autocoe_modulesource" type="string" customfield="true" />
      <field displayname="Occurrence Count" name="autocoe_occurrencecount" type="number" customfield="true" />
      <field displayname="Original Record Id" name="autocoe_originalrecordid" type="string" customfield="true" />
      <field displayname="Owner" name="ownerid" type="owner" />
      <field displayname="Owning Business Unit" name="owningbusinessunit" type="entityreference" lookupType="businessunit" />
      <field displayname="Owning Team" name="owningteam" type="entityreference" lookupType="team" />
      <field displayname="Owning User" name="owninguser" type="entityreference" lookupType="systemuser" />
      <field displayname="Record Created On" name="overriddencreatedon" type="datetime" />
      <field displayname="Selector Id" name="autocoe_selectorid" type="string" customfield="true" />
      <field displayname="Status" name="statecode" type="state" />
      <field displayname="Status Reason" name="statuscode" type="status" />
      <field displayname="Time Zone Rule Version Number" name="timezoneruleversionnumber" type="number" />
      <field displayname="UTC Conversion Time Zone Code" name="utcconversiontimezonecode" type="number" />
      <field displayname="Version Number" name="versionnumber" type="bigint" />
    </fields>
    <relationships />
  </entity>
  <entity name="autocoe_environment" displayname="Environment" etc="10207" primaryidfield="autocoe_environmentid" primarynamefield="autocoe_environmentname" disableplugins="false">
    <fields>
      <field displayname="Created By" name="createdby" type="entityreference" lookupType="systemuser" />
      <field displayname="Created By (Delegate)" name="createdonbehalfby" type="entityreference" lookupType="systemuser" />
      <field displayname="Created On" name="createdon" type="datetime" />
      <field displayname="Deployment Status" name="autocoe_deploymentstatus" type="optionsetvalue" customfield="true" />
      <field displayname="Environment" name="autocoe_environmentid" type="guid" primaryKey="true" />
      <field displayname="Environment Base API URL" name="autocoe_environmentbaseapiurl" type="string" customfield="true" />
      <field displayname="Environment Contact Email" name="autocoe_environmentcontactemail" type="string" customfield="true" />
      <field displayname="Environment Contact Name" name="autocoe_environmentcontactname" type="string" customfield="true" />
      <field displayname="Environment Id" name="autocoe_environmentguid" type="string" customfield="true" />
      <field displayname="Environment Instance URL" name="autocoe_environmentinstanceurl" type="string" customfield="true" />
      <field displayname="Environment Name" name="autocoe_environmentname" type="string" customfield="true" />
      <field displayname="Environment Region" name="autocoe_environmentregion" type="string" customfield="true" />
      <field displayname="Environment Type" name="autocoe_environmenttype" type="optionsetvalue" customfield="true" />
      <field displayname="Environment Unique Name" name="autocoe_environmentuniquename" type="string" customfield="true" />
      <field displayname="Import Sequence Number" name="importsequencenumber" type="number" />
      <field displayname="Is Satellite Environment" name="autocoe_issatelliteenvironment" type="bool" customfield="true" />
      <field displayname="Modified By" name="modifiedby" type="entityreference" lookupType="systemuser" />
      <field displayname="Modified By (Delegate)" name="modifiedonbehalfby" type="entityreference" lookupType="systemuser" />
      <field displayname="Modified On" name="modifiedon" type="datetime" />
      <field displayname="Organization ID" name="autocoe_organizationid" type="string" customfield="true" />
      <field displayname="Owner" name="ownerid" type="owner" />
      <field displayname="Owning Business Unit" name="owningbusinessunit" type="entityreference" lookupType="businessunit" />
      <field displayname="Owning Team" name="owningteam" type="entityreference" lookupType="team" />
      <field displayname="Owning User" name="owninguser" type="entityreference" lookupType="systemuser" />
      <field displayname="Record Created On" name="overriddencreatedon" type="datetime" />
      <field displayname="Status" name="statecode" type="state" />
      <field displayname="Status Reason" name="statuscode" type="status" />
      <field displayname="Time Zone Rule Version Number" name="timezoneruleversionnumber" type="number" />
      <field displayname="UTC Conversion Time Zone Code" name="utcconversiontimezonecode" type="number" />
      <field displayname="Version Number" name="versionnumber" type="bigint" />
    </fields>
    <relationships />
    <filter>&lt;fetch&gt;
  &lt;entity name="autocoe_environment"&gt;
    &lt;filter&gt;
      &lt;condition attribute="autocoe_environmentname" operator="eq" value="Constoso_Prod" /&gt;
    &lt;/filter&gt;
  &lt;/entity&gt;
&lt;/fetch&gt;</filter>
  </entity>
  <entity name="autocoe_flow" displayname="Flow" etc="10208" primaryidfield="autocoe_flowid" primarynamefield="autocoe_flowname" disableplugins="false">
    <fields>
      <field displayname="Created By" name="createdby" type="entityreference" lookupType="systemuser" />
      <field displayname="Created By (Delegate)" name="createdonbehalfby" type="entityreference" lookupType="systemuser" />
      <field displayname="Created On" name="createdon" type="datetime" />
      <field displayname="Environment Id" name="autocoe_environmentid" type="string" customfield="true" />
      <field displayname="Environment Name" name="autocoe_environmentname" type="string" customfield="true" />
      <field displayname="Environment Region" name="autocoe_environmentregion" type="string" customfield="true" />
      <field displayname="Flow" name="autocoe_flowid" type="guid" primaryKey="true" />
      <field displayname="Flow Created By" name="autocoe_flowcreatedby" type="string" customfield="true" />
      <field displayname="Flow Created On" name="autocoe_flowcreatedon" type="datetime" customfield="true" />
      <field displayname="Flow Modified By" name="autocoe_flowmodifiedby" type="string" customfield="true" />
      <field displayname="Flow Modified On" name="autocoe_flowmodifiedon" type="datetime" customfield="true" />
      <field displayname="Flow Name" name="autocoe_flowname" type="string" customfield="true" />
      <field displayname="Flow Owner" name="autocoe_flowowner" type="string" customfield="true" />
      <field displayname="Flow Trigger Uri" name="autocoe_flowtriggeruri" type="string" customfield="true" />
      <field displayname="Flow Type" name="autocoe_flowtype" type="optionsetvalue" customfield="true" />
      <field displayname="Import Sequence Number" name="importsequencenumber" type="number" />
      <field displayname="Modified By" name="modifiedby" type="entityreference" lookupType="systemuser" />
      <field displayname="Modified By (Delegate)" name="modifiedonbehalfby" type="entityreference" lookupType="systemuser" />
      <field displayname="Modified On" name="modifiedon" type="datetime" />
      <field displayname="Owner" name="ownerid" type="owner" />
      <field displayname="Owning Business Unit" name="owningbusinessunit" type="entityreference" lookupType="businessunit" />
      <field displayname="Owning Team" name="owningteam" type="entityreference" lookupType="team" />
      <field displayname="Owning User" name="owninguser" type="entityreference" lookupType="systemuser" />
      <field displayname="Record Created On" name="overriddencreatedon" type="datetime" />
      <field displayname="Status" name="statecode" type="state" />
      <field displayname="Status Reason" name="statuscode" type="status" />
      <field displayname="Time Zone Rule Version Number" name="timezoneruleversionnumber" type="number" />
      <field displayname="UTC Conversion Time Zone Code" name="utcconversiontimezonecode" type="number" />
      <field displayname="Version Number" name="versionnumber" type="bigint" />
      <field displayname="Workflow Id" name="autocoe_workflowid" type="string" customfield="true" />
      <field displayname="Workflow Id (alternative)" name="autocoe_workflowidalternative" type="string" customfield="true" />
      <field displayname="Workflow Unique Id" name="autocoe_workflowuniqueid" type="string" customfield="true" />
    </fields>
    <relationships />
  </entity>
  <entity name="autocoe_flowsessionexception" displayname="Flow Session Exception" etc="10338" primaryidfield="autocoe_flowsessionexceptionid" primarynamefield="autocoe_flowname" disableplugins="false">
    <fields>
      <field displayname="Acknowledged By" name="autocoe_acknowledgedby" type="string" customfield="true" />
      <field displayname="Acknowledged On" name="autocoe_acknowledgedon" type="datetime" customfield="true" />
      <field displayname="Cloud Flow Id" name="autocoe_cloudflowid" type="string" customfield="true" />
      <field displayname="Created By" name="createdby" type="entityreference" lookupType="systemuser" />
      <field displayname="Created By (Delegate)" name="createdonbehalfby" type="entityreference" lookupType="systemuser" />
      <field displayname="Created On" name="createdon" type="datetime" />
      <field displayname="Desktop Flow Id" name="autocoe_desktopflowid" type="string" customfield="true" />
      <field displayname="Desktop Flow Name" name="autocoe_desktopflowname" type="string" customfield="true" />
      <field displayname="Environment Id" name="autocoe_environmentid" type="string" customfield="true" />
      <field displayname="Environment Name" name="autocoe_environmentname" type="string" customfield="true" />
      <field displayname="Error Code" name="autocoe_errorcode" type="string" customfield="true" />
      <field displayname="Error Message" name="autocoe_errormessage" type="string" customfield="true" />
      <field displayname="Exception Time" name="autocoe_exceptiontime" type="datetime" customfield="true" />
      <field displayname="Flow Disabled" name="autocoe_flowdisabled" type="bool" customfield="true" />
      <field displayname="Flow Name" name="autocoe_flowname" type="string" customfield="true" />
      <field displayname="Flow Run Id" name="autocoe_flowrunid" type="string" customfield="true" />
      <field displayname="Flow Session Exception" name="autocoe_flowsessionexceptionid" type="guid" primaryKey="true" />
      <field displayname="Flow Session Exception Rule Configuration" name="autocoe_flowsessionexceptionrulec" type="entityreference" lookupType="autocoe_flowsessionexceptionruleconfiguration" customfield="true" />
      <field displayname="Flow Session Id" name="autocoe_flowsessionid" type="string" customfield="true" />
      <field displayname="Host Name" name="autocoe_hostname" type="string" customfield="true" />
      <field displayname="Import Sequence Number" name="importsequencenumber" type="number" />
      <field displayname="Modified By" name="modifiedby" type="entityreference" lookupType="systemuser" />
      <field displayname="Modified By (Delegate)" name="modifiedonbehalfby" type="entityreference" lookupType="systemuser" />
      <field displayname="Modified On" name="modifiedon" type="datetime" />
      <field displayname="Original Record Id" name="autocoe_originalrecordid" type="string" customfield="true" />
      <field displayname="Owner" name="ownerid" type="owner" />
      <field displayname="Owning Business Unit" name="owningbusinessunit" type="entityreference" lookupType="businessunit" />
      <field displayname="Owning Team" name="owningteam" type="entityreference" lookupType="team" />
      <field displayname="Owning User" name="owninguser" type="entityreference" lookupType="systemuser" />
      <field displayname="Record Created On" name="overriddencreatedon" type="datetime" />
      <field displayname="Run Mode" name="autocoe_runmode" type="string" customfield="true" />
      <field displayname="Status" name="statecode" type="state" />
      <field displayname="Status Reason" name="statuscode" type="status" />
      <field displayname="Time Zone Rule Version Number" name="timezoneruleversionnumber" type="number" />
      <field displayname="UTC Conversion Time Zone Code" name="utcconversiontimezonecode" type="number" />
      <field displayname="Version Number" name="versionnumber" type="bigint" />
    </fields>
    <relationships />
  </entity>
  <entity name="autocoe_flowsessionexceptionruleconfiguration" displayname="Flow Session Exception Rule Configuration" etc="10339" primaryidfield="autocoe_flowsessionexceptionruleconfigurationid" primarynamefield="autocoe_rulename" disableplugins="false">
    <fields>
      <field displayname="Consecutive Exception Count" name="autocoe_consecutiveexceptioncount" type="number" customfield="true" />
      <field displayname="Created By" name="createdby" type="entityreference" lookupType="systemuser" />
      <field displayname="Created By (Delegate)" name="createdonbehalfby" type="entityreference" lookupType="systemuser" />
      <field displayname="Created On" name="createdon" type="datetime" />
      <field displayname="Environment Id" name="autocoe_environmentid" type="string" customfield="true" />
      <field displayname="Environment Name" name="autocoe_environmentname" type="string" customfield="true" />
      <field displayname="Exception Code" name="autocoe_exceptioncode" type="string" customfield="true" />
      <field displayname="Flow Session Exception Rule Configuration" name="autocoe_flowsessionexceptionruleconfigurationid" type="guid" primaryKey="true" />
      <field displayname="Import Sequence Number" name="importsequencenumber" type="number" />
      <field displayname="Modified By" name="modifiedby" type="entityreference" lookupType="systemuser" />
      <field displayname="Modified By (Delegate)" name="modifiedonbehalfby" type="entityreference" lookupType="systemuser" />
      <field displayname="Modified On" name="modifiedon" type="datetime" />
      <field displayname="Original Record Id" name="autocoe_originalrecordid" type="string" customfield="true" />
      <field displayname="Owner" name="ownerid" type="owner" />
      <field displayname="Owning Business Unit" name="owningbusinessunit" type="entityreference" lookupType="businessunit" />
      <field displayname="Owning Team" name="owningteam" type="entityreference" lookupType="team" />
      <field displayname="Owning User" name="owninguser" type="entityreference" lookupType="systemuser" />
      <field displayname="Record Created On" name="overriddencreatedon" type="datetime" />
      <field displayname="Requires Acknowledgment" name="autocoe_requiresacknowledgment" type="bool" customfield="true" />
      <field displayname="Rule Name" name="autocoe_rulename" type="string" customfield="true" />
      <field displayname="Send Alert" name="autocoe_sendalert" type="bool" customfield="true" />
      <field displayname="Status" name="statecode" type="state" />
      <field displayname="Status Reason" name="statuscode" type="status" />
      <field displayname="Time Zone Rule Version Number" name="timezoneruleversionnumber" type="number" />
      <field displayname="Turn Off Cloud Flow" name="autocoe_turnoffcloudflow" type="bool" customfield="true" />
      <field displayname="UTC Conversion Time Zone Code" name="utcconversiontimezonecode" type="number" />
      <field displayname="Version Number" name="versionnumber" type="bigint" />
    </fields>
    <relationships />
  </entity>
  <entity name="autocoe_flowsessiontrace" displayname="Flow Session Trace" etc="10209" primaryidfield="autocoe_flowsessiontraceid" primarynamefield="autocoe_flowname" disableplugins="false">
    <fields>
      <field displayname="Automation Project ID" name="autocoe_automationprojectid" type="string" customfield="true" />
      <field displayname="Completed On" name="autocoe_completedon" type="datetime" customfield="true" />
      <field displayname="Connection Type" name="autocoe_connectiontype" type="string" customfield="true" />
      <field displayname="Created By" name="createdby" type="entityreference" lookupType="systemuser" />
      <field displayname="Created By (Delegate)" name="createdonbehalfby" type="entityreference" lookupType="systemuser" />
      <field displayname="Created On" name="createdon" type="datetime" />
      <field displayname="Department" name="autocoe_department" type="string" customfield="true" />
      <field displayname="Environment Id" name="autocoe_environmentid" type="string" customfield="true" />
      <field displayname="Environment Name" name="autocoe_environmentname" type="string" customfield="true" />
      <field displayname="Environment Region" name="autocoe_environmentregion" type="string" customfield="true" />
      <field displayname="Environment Unique Name" name="autocoe_environmentuniquename" type="string" customfield="true" />
      <field displayname="Exception Code" name="autocoe_exceptioncode" type="string" customfield="true" />
      <field displayname="Exception Details" name="autocoe_exceptiondetails" type="string" customfield="true" />
      <field displayname="Exception Source" name="autocoe_exceptionsource" type="string" customfield="true" />
      <field displayname="Flow Id" name="autocoe_flowid" type="string" customfield="true" />
      <field displayname="Flow Name" name="autocoe_flowname" type="string" customfield="true" />
      <field displayname="Flow Run Id" name="autocoe_flowrunid" type="string" customfield="true" />
      <field displayname="Flow Session Id" name="autocoe_flowsessionid" type="string" customfield="true" />
      <field displayname="Flow Session Trace" name="autocoe_flowsessiontraceid" type="guid" primaryKey="true" />
      <field displayname="Flow Trigger Uri" name="autocoe_flowtriggeruri" type="string" customfield="true" />
      <field displayname="Flow Type" name="autocoe_flowtype" type="bool" customfield="true" />
      <field displayname="Host Name" name="autocoe_hostname" type="string" customfield="true" />
      <field displayname="Import Sequence Number" name="importsequencenumber" type="number" />
      <field displayname="Maker" name="autocoe_maker" type="string" customfield="true" />
      <field displayname="Modified By" name="modifiedby" type="entityreference" lookupType="systemuser" />
      <field displayname="Modified By (Delegate)" name="modifiedonbehalfby" type="entityreference" lookupType="systemuser" />
      <field displayname="Modified On" name="modifiedon" type="datetime" />
      <field displayname="Overall Status" name="autocoe_overallstatus" type="string" customfield="true" />
      <field displayname="Owner" name="ownerid" type="owner" />
      <field displayname="Owning Business Unit" name="owningbusinessunit" type="entityreference" lookupType="businessunit" />
      <field displayname="Owning Team" name="owningteam" type="entityreference" lookupType="team" />
      <field displayname="Owning User" name="owninguser" type="entityreference" lookupType="systemuser" />
      <field displayname="Record Created On" name="overriddencreatedon" type="datetime" />
      <field displayname="Run Mode" name="autocoe_runmode" type="string" customfield="true" />
      <field displayname="Solution Id" name="autocoe_solutionid" type="string" customfield="true" />
      <field displayname="Solution Name" name="autocoe_solutionname" type="string" customfield="true" />
      <field displayname="Solution Owner" name="autocoe_solutionowner" type="string" customfield="true" />
      <field displayname="Solution Owner Email" name="autocoe_solutionowneremail" type="string" customfield="true" />
      <field displayname="Started On" name="autocoe_startedon" type="datetime" customfield="true" />
      <field displayname="Status" name="statecode" type="state" />
      <field displayname="Status Reason" name="statuscode" type="status" />
      <field displayname="Time Zone Rule Version Number" name="timezoneruleversionnumber" type="number" />
      <field displayname="UTC Conversion Time Zone Code" name="utcconversiontimezonecode" type="number" />
      <field displayname="Version Number" name="versionnumber" type="bigint" />
      <field displayname="Workflow Unique Id" name="autocoe_workflowuniqueid" type="string" customfield="true" />
    </fields>
    <relationships />
  </entity>
  <entity name="autocoe_machine" displayname="Machine" etc="10210" primaryidfield="autocoe_machineid" primarynamefield="autocoe_displayname" disableplugins="false">
    <fields>
      <field displayname="Agent Version" name="autocoe_agentversion" type="string" customfield="true" />
      <field displayname="Created By" name="createdby" type="entityreference" lookupType="systemuser" />
      <field displayname="Created By (Delegate)" name="createdonbehalfby" type="entityreference" lookupType="systemuser" />
      <field displayname="Created On" name="createdon" type="datetime" />
      <field displayname="Display Name" name="autocoe_displayname" type="string" customfield="true" />
      <field displayname="Group" name="autocoe_group" type="entityreference" lookupType="autocoe_machinegroup" customfield="true" />
      <field displayname="Import Sequence Number" name="importsequencenumber" type="number" />
      <field displayname="Machine" name="autocoe_machineid" type="guid" primaryKey="true" />
      <field displayname="Machine Created On" name="autocoe_machinecreatedon" type="datetime" customfield="true" />
      <field displayname="Machine Deleted On" name="autocoe_machinedeletedon" type="datetime" customfield="true" />
      <field displayname="Machine Status" name="autocoe_machinestatus" type="string" customfield="true" />
      <field displayname="Modified By" name="modifiedby" type="entityreference" lookupType="systemuser" />
      <field displayname="Modified By (Delegate)" name="modifiedonbehalfby" type="entityreference" lookupType="systemuser" />
      <field displayname="Modified On" name="modifiedon" type="datetime" />
      <field displayname="Name" name="autocoe_name" type="string" customfield="true" />
      <field displayname="Owner" name="ownerid" type="owner" />
      <field displayname="Owning Business Unit" name="owningbusinessunit" type="entityreference" lookupType="businessunit" />
      <field displayname="Owning Team" name="owningteam" type="entityreference" lookupType="team" />
      <field displayname="Owning User" name="owninguser" type="entityreference" lookupType="systemuser" />
      <field displayname="Record Created On" name="overriddencreatedon" type="datetime" />
      <field displayname="Session Capacity" name="autocoe_sessioncapacity" type="number" customfield="true" />
      <field displayname="Status" name="statecode" type="state" />
      <field displayname="Status Reason" name="statuscode" type="status" />
      <field displayname="Time Zone Rule Version Number" name="timezoneruleversionnumber" type="number" />
      <field displayname="UTC Conversion Time Zone Code" name="utcconversiontimezonecode" type="number" />
      <field displayname="Version Number" name="versionnumber" type="bigint" />
    </fields>
    <relationships />
  </entity>
  <entity name="autocoe_machinegroup" displayname="Machine Group" etc="10211" primaryidfield="autocoe_machinegroupid" primarynamefield="autocoe_displayname" disableplugins="false">
    <fields>
      <field displayname="Created By" name="createdby" type="entityreference" lookupType="systemuser" />
      <field displayname="Created By (Delegate)" name="createdonbehalfby" type="entityreference" lookupType="systemuser" />
      <field displayname="Created On" name="createdon" type="datetime" />
      <field displayname="Display Name" name="autocoe_displayname" type="string" customfield="true" />
      <field displayname="Import Sequence Number" name="importsequencenumber" type="number" />
      <field displayname="Is Managed" name="autocoe_ismanaged" type="bool" customfield="true" />
      <field displayname="Machine Group" name="autocoe_machinegroupid" type="guid" primaryKey="true" />
      <field displayname="Machine Group Created On" name="autocoe_machinegroupcreatedon" type="datetime" customfield="true" />
      <field displayname="Machine Group Deleted On" name="autocoe_machinegroupdeletedon" type="datetime" customfield="true" />
      <field displayname="Machine Group Status" name="autocoe_machinegroupstatus" type="string" customfield="true" />
      <field displayname="Modified By" name="modifiedby" type="entityreference" lookupType="systemuser" />
      <field displayname="Modified By (Delegate)" name="modifiedonbehalfby" type="entityreference" lookupType="systemuser" />
      <field displayname="Modified On" name="modifiedon" type="datetime" />
      <field displayname="Name" name="autocoe_name" type="string" customfield="true" />
      <field displayname="Owner" name="ownerid" type="owner" />
      <field displayname="Owning Business Unit" name="owningbusinessunit" type="entityreference" lookupType="businessunit" />
      <field displayname="Owning Team" name="owningteam" type="entityreference" lookupType="team" />
      <field displayname="Owning User" name="owninguser" type="entityreference" lookupType="systemuser" />
      <field displayname="Record Created On" name="overriddencreatedon" type="datetime" />
      <field displayname="Status" name="statecode" type="state" />
      <field displayname="Status Reason" name="statuscode" type="status" />
      <field displayname="Time Zone Rule Version Number" name="timezoneruleversionnumber" type="number" />
      <field displayname="UTC Conversion Time Zone Code" name="utcconversiontimezonecode" type="number" />
      <field displayname="Version Number" name="versionnumber" type="bigint" />
    </fields>
    <relationships />
  </entity>
  <entity name="autocoe_processcategory" displayname="Process Category" etc="10212" primaryidfield="autocoe_processcategoryid" primarynamefield="autocoe_name" disableplugins="false">
    <fields>
      <field displayname="Created By" name="createdby" type="entityreference" lookupType="systemuser" />
      <field displayname="Created By (Delegate)" name="createdonbehalfby" type="entityreference" lookupType="systemuser" />
      <field displayname="Created On" name="createdon" type="datetime" />
      <field displayname="Import Sequence Number" name="importsequencenumber" type="number" />
      <field displayname="Modified By" name="modifiedby" type="entityreference" lookupType="systemuser" />
      <field displayname="Modified By (Delegate)" name="modifiedonbehalfby" type="entityreference" lookupType="systemuser" />
      <field displayname="Modified On" name="modifiedon" type="datetime" />
      <field displayname="Name" name="autocoe_name" type="string" customfield="true" />
      <field displayname="Owner" name="ownerid" type="owner" />
      <field displayname="Owning Business Unit" name="owningbusinessunit" type="entityreference" lookupType="businessunit" />
      <field displayname="Owning Team" name="owningteam" type="entityreference" lookupType="team" />
      <field displayname="Owning User" name="owninguser" type="entityreference" lookupType="systemuser" />
      <field displayname="Process Category" name="autocoe_processcategoryid" type="guid" primaryKey="true" />
      <field displayname="Record Created On" name="overriddencreatedon" type="datetime" />
      <field displayname="Sequence No" name="autocoe_sequenceno" type="number" customfield="true" />
      <field displayname="Status" name="statecode" type="state" />
      <field displayname="Status Reason" name="statuscode" type="status" />
      <field displayname="Time Zone Rule Version Number" name="timezoneruleversionnumber" type="number" />
      <field displayname="UTC Conversion Time Zone Code" name="utcconversiontimezonecode" type="number" />
      <field displayname="Version Number" name="versionnumber" type="bigint" />
    </fields>
    <relationships />
  </entity>
  <entity name="autocoe_processsubcategory" displayname="Process Sub Category" etc="10215" primaryidfield="autocoe_processsubcategoryid" primarynamefield="autocoe_name" disableplugins="false">
    <fields>
      <field displayname="Created By" name="createdby" type="entityreference" lookupType="systemuser" />
      <field displayname="Created By (Delegate)" name="createdonbehalfby" type="entityreference" lookupType="systemuser" />
      <field displayname="Created On" name="createdon" type="datetime" />
      <field displayname="Import Sequence Number" name="importsequencenumber" type="number" />
      <field displayname="Modified By" name="modifiedby" type="entityreference" lookupType="systemuser" />
      <field displayname="Modified By (Delegate)" name="modifiedonbehalfby" type="entityreference" lookupType="systemuser" />
      <field displayname="Modified On" name="modifiedon" type="datetime" />
      <field displayname="Name" name="autocoe_name" type="string" customfield="true" />
      <field displayname="Owner" name="ownerid" type="owner" />
      <field displayname="Owning Business Unit" name="owningbusinessunit" type="entityreference" lookupType="businessunit" />
      <field displayname="Owning Team" name="owningteam" type="entityreference" lookupType="team" />
      <field displayname="Owning User" name="owninguser" type="entityreference" lookupType="systemuser" />
      <field displayname="Process Category" name="autocoe_processcategory" type="entityreference" lookupType="autocoe_processcategory" customfield="true" />
      <field displayname="Process Sub Category" name="autocoe_processsubcategoryid" type="guid" primaryKey="true" />
      <field displayname="Record Created On" name="overriddencreatedon" type="datetime" />
      <field displayname="Sequence No" name="autocoe_sequenceno" type="number" customfield="true" />
      <field displayname="Status" name="statecode" type="state" />
      <field displayname="Status Reason" name="statuscode" type="status" />
      <field displayname="Time Zone Rule Version Number" name="timezoneruleversionnumber" type="number" />
      <field displayname="UTC Conversion Time Zone Code" name="utcconversiontimezonecode" type="number" />
      <field displayname="Version Number" name="versionnumber" type="bigint" />
    </fields>
    <relationships />
  </entity>
  <entity name="autocoe_processingfrequencyscore" displayname="Processing Frequency Score" etc="10213" primaryidfield="autocoe_processingfrequencyscoreid" primarynamefield="autocoe_value" disableplugins="false">
    <fields>
      <field displayname="Created By" name="createdby" type="entityreference" lookupType="systemuser" />
      <field displayname="Created By (Delegate)" name="createdonbehalfby" type="entityreference" lookupType="systemuser" />
      <field displayname="Created On" name="createdon" type="datetime" />
      <field displayname="Import Sequence Number" name="importsequencenumber" type="number" />
      <field displayname="Modified By" name="modifiedby" type="entityreference" lookupType="systemuser" />
      <field displayname="Modified By (Delegate)" name="modifiedonbehalfby" type="entityreference" lookupType="systemuser" />
      <field displayname="Modified On" name="modifiedon" type="datetime" />
      <field displayname="Owner" name="ownerid" type="owner" />
      <field displayname="Owning Business Unit" name="owningbusinessunit" type="entityreference" lookupType="businessunit" />
      <field displayname="Owning Team" name="owningteam" type="entityreference" lookupType="team" />
      <field displayname="Owning User" name="owninguser" type="entityreference" lookupType="systemuser" />
      <field displayname="Processing Frequency Score" name="autocoe_processingfrequencyscoreid" type="guid" primaryKey="true" />
      <field displayname="Record Created On" name="overriddencreatedon" type="datetime" />
      <field displayname="Score" name="autocoe_score" type="number" customfield="true" />
      <field displayname="Status" name="statecode" type="state" />
      <field displayname="Status Reason" name="statuscode" type="status" />
      <field displayname="Time Zone Rule Version Number" name="timezoneruleversionnumber" type="number" />
      <field displayname="UTC Conversion Time Zone Code" name="utcconversiontimezonecode" type="number" />
      <field displayname="Value" name="autocoe_value" type="string" customfield="true" />
      <field displayname="Version Number" name="versionnumber" type="bigint" />
    </fields>
    <relationships />
  </entity>
  <entity name="autocoe_processingpeaksscore" displayname="Processing Peaks Score" etc="10214" primaryidfield="autocoe_processingpeaksscoreid" primarynamefield="autocoe_value" disableplugins="false">
    <fields>
      <field displayname="Created By" name="createdby" type="entityreference" lookupType="systemuser" />
      <field displayname="Created By (Delegate)" name="createdonbehalfby" type="entityreference" lookupType="systemuser" />
      <field displayname="Created On" name="createdon" type="datetime" />
      <field displayname="Import Sequence Number" name="importsequencenumber" type="number" />
      <field displayname="Modified By" name="modifiedby" type="entityreference" lookupType="systemuser" />
      <field displayname="Modified By (Delegate)" name="modifiedonbehalfby" type="entityreference" lookupType="systemuser" />
      <field displayname="Modified On" name="modifiedon" type="datetime" />
      <field displayname="Owner" name="ownerid" type="owner" />
      <field displayname="Owning Business Unit" name="owningbusinessunit" type="entityreference" lookupType="businessunit" />
      <field displayname="Owning Team" name="owningteam" type="entityreference" lookupType="team" />
      <field displayname="Owning User" name="owninguser" type="entityreference" lookupType="systemuser" />
      <field displayname="Processing Peaks Score" name="autocoe_processingpeaksscoreid" type="guid" primaryKey="true" />
      <field displayname="Record Created On" name="overriddencreatedon" type="datetime" />
      <field displayname="Score" name="autocoe_score" type="number" customfield="true" />
      <field displayname="Status" name="statecode" type="state" />
      <field displayname="Status Reason" name="statuscode" type="status" />
      <field displayname="Time Zone Rule Version Number" name="timezoneruleversionnumber" type="number" />
      <field displayname="UTC Conversion Time Zone Code" name="utcconversiontimezonecode" type="number" />
      <field displayname="Value" name="autocoe_value" type="string" customfield="true" />
      <field displayname="Version Number" name="versionnumber" type="bigint" />
    </fields>
    <relationships />
  </entity>
  <entity name="autocoe_role" displayname="Role" etc="10216" primaryidfield="autocoe_roleid" primarynamefield="autocoe_displayname" disableplugins="false">
    <fields>
      <field displayname="Created By" name="createdby" type="entityreference" lookupType="systemuser" />
      <field displayname="Created By (Delegate)" name="createdonbehalfby" type="entityreference" lookupType="systemuser" />
      <field displayname="Created On" name="createdon" type="datetime" />
      <field displayname="Display Name" name="autocoe_displayname" type="string" customfield="true" />
      <field displayname="Import Sequence Number" name="importsequencenumber" type="number" />
      <field displayname="Modified By" name="modifiedby" type="entityreference" lookupType="systemuser" />
      <field displayname="Modified By (Delegate)" name="modifiedonbehalfby" type="entityreference" lookupType="systemuser" />
      <field displayname="Modified On" name="modifiedon" type="datetime" />
      <field displayname="Owner" name="ownerid" type="owner" />
      <field displayname="Owning Business Unit" name="owningbusinessunit" type="entityreference" lookupType="businessunit" />
      <field displayname="Owning Team" name="owningteam" type="entityreference" lookupType="team" />
      <field displayname="Owning User" name="owninguser" type="entityreference" lookupType="systemuser" />
      <field displayname="Record Created On" name="overriddencreatedon" type="datetime" />
      <field displayname="Roles" name="autocoe_roleid" type="guid" primaryKey="true" />
      <field displayname="Status" name="statecode" type="state" />
      <field displayname="Status Reason" name="statuscode" type="status" />
      <field displayname="Time Zone Rule Version Number" name="timezoneruleversionnumber" type="number" />
      <field displayname="Type" name="autocoe_type" type="optionsetvalue" customfield="true" />
      <field displayname="User Principal Name" name="autocoe_userprincipalname" type="string" customfield="true" />
      <field displayname="UTC Conversion Time Zone Code" name="utcconversiontimezonecode" type="number" />
      <field displayname="Version Number" name="versionnumber" type="bigint" />
    </fields>
    <relationships />
  </entity>
  <entity name="autocoe_solutionmetering" displayname="Solution Metering" etc="10217" primaryidfield="autocoe_solutionmeteringid" primarynamefield="autocoe_solutionname" disableplugins="false">
    <fields>
      <field displayname="Automation Project" name="autocoe_automationproject" type="entityreference" lookupType="autocoe_automationproject" customfield="true" />
      <field displayname="Created By" name="createdby" type="entityreference" lookupType="systemuser" />
      <field displayname="Created By (Delegate)" name="createdonbehalfby" type="entityreference" lookupType="systemuser" />
      <field displayname="Created On" name="createdon" type="datetime" />
      <field displayname="Environment Id" name="autocoe_environmentid" type="string" customfield="true" />
      <field displayname="Environment Name" name="autocoe_environmentname" type="string" customfield="true" />
      <field displayname="Import Sequence Number" name="importsequencenumber" type="number" />
      <field displayname="Is Managed" name="autocoe_ismanaged" type="bool" customfield="true" />
      <field displayname="Modified By" name="modifiedby" type="entityreference" lookupType="systemuser" />
      <field displayname="Modified By (Delegate)" name="modifiedonbehalfby" type="entityreference" lookupType="systemuser" />
      <field displayname="Modified On" name="modifiedon" type="datetime" />
      <field displayname="Original Record Id" name="autocoe_originalrecordid" type="string" customfield="true" />
      <field displayname="Owner" name="ownerid" type="owner" />
      <field displayname="Owning Business Unit" name="owningbusinessunit" type="entityreference" lookupType="businessunit" />
      <field displayname="Owning Team" name="owningteam" type="entityreference" lookupType="team" />
      <field displayname="Owning User" name="owninguser" type="entityreference" lookupType="systemuser" />
      <field displayname="Record Created On" name="overriddencreatedon" type="datetime" />
      <field displayname="Solution Id" name="autocoe_solutionid" type="string" customfield="true" />
      <field displayname="Solution Metering" name="autocoe_solutionmeteringid" type="guid" primaryKey="true" />
      <field displayname="Solution Name" name="autocoe_solutionname" type="string" customfield="true" />
      <field displayname="Status" name="statecode" type="state" />
      <field displayname="Status Reason" name="statuscode" type="status" />
      <field displayname="Time Zone Rule Version Number" name="timezoneruleversionnumber" type="number" />
      <field displayname="UTC Conversion Time Zone Code" name="utcconversiontimezonecode" type="number" />
      <field displayname="Version Number" name="versionnumber" type="bigint" />
    </fields>
    <relationships />
  </entity>
  <entity name="autocoe_solutionmeteringartifact" displayname="Solution Metering Artifact" etc="10218" primaryidfield="autocoe_solutionmeteringartifactid" primarynamefield="autocoe_autonumber" disableplugins="false">
    <fields>
      <field displayname="Arftifact Type" name="autocoe_arftifacttype" type="optionsetvalue" customfield="true" />
      <field displayname="Artifact Name" name="autocoe_artifactname" type="string" customfield="true" />
      <field displayname="Artifact Object Id" name="autocoe_artifactobjectid" type="string" customfield="true" />
      <field displayname="Autonumber" name="autocoe_autonumber" type="string" customfield="true" />
      <field displayname="Created By" name="createdby" type="entityreference" lookupType="systemuser" />
      <field displayname="Created By (Delegate)" name="createdonbehalfby" type="entityreference" lookupType="systemuser" />
      <field displayname="Created On" name="createdon" type="datetime" />
      <field displayname="Flow Trigger Uri" name="autocoe_flowtriggeruri" type="string" customfield="true" />
      <field displayname="Import Sequence Number" name="importsequencenumber" type="number" />
      <field displayname="Modified By" name="modifiedby" type="entityreference" lookupType="systemuser" />
      <field displayname="Modified By (Delegate)" name="modifiedonbehalfby" type="entityreference" lookupType="systemuser" />
      <field displayname="Modified On" name="modifiedon" type="datetime" />
      <field displayname="Original Record Id" name="autocoe_originalrecordid" type="string" customfield="true" />
      <field displayname="Owner" name="ownerid" type="owner" />
      <field displayname="Owning Business Unit" name="owningbusinessunit" type="entityreference" lookupType="businessunit" />
      <field displayname="Owning Team" name="owningteam" type="entityreference" lookupType="team" />
      <field displayname="Owning User" name="owninguser" type="entityreference" lookupType="systemuser" />
      <field displayname="Record Created On" name="overriddencreatedon" type="datetime" />
      <field displayname="Solution Metering" name="autocoe_solutionmetering" type="entityreference" lookupType="autocoe_solutionmetering" customfield="true" />
      <field displayname="Solution Metering Artifact" name="autocoe_solutionmeteringartifactid" type="guid" primaryKey="true" />
      <field displayname="Status" name="statecode" type="state" />
      <field displayname="Status Reason" name="statuscode" type="status" />
      <field displayname="Time Zone Rule Version Number" name="timezoneruleversionnumber" type="number" />
      <field displayname="UTC Conversion Time Zone Code" name="utcconversiontimezonecode" type="number" />
      <field displayname="Version Number" name="versionnumber" type="bigint" />
      <field displayname="Workflow Id" name="autocoe_workflowid" type="string" customfield="true" />
    </fields>
    <relationships />
  </entity>
</entities>